id,content,score
06e13bcf-3813-4f0f-b50b-6604167b28c3,it is so good for video,5
be6127a2-b476-4a91-92df-5ff5029c597a,This app is not really giving me what I want anytime I entered it doesn't work it always hang,1
84506c7e-e358-4388-95e7-a98e0032f695,every time I want to type something it says no internet connection and it blocks me from writing and I dissapears and when I want to type something it reapears and it's just annoying but other than that I like it,4
cb2cb439-6c26-46df-a82a-53c592969308,"keep freezing now with the new update, thanks for forcing me to use the app less!",1
64446b4a-99a6-47cc-ac24-cd73cad548f6,"if I like a video and hit the heart, something happens if I touch it in the wrong spot and it reposts the video even tho I didn't even open that button it just does it",3
f963d19e-b36b-440c-b8bf-9d7d96ef65cd,yoursatti@313 this app is very empresses,5
0b88499a-e4f9-4e0f-8d8d-52707172958b,Can you tell us why we cannot switch between personal account and business account anymore and you need verification to use business account - ? Please give me a place to read about full update!,2
6000a84c-af4e-4d95-9e43-fa8ee9f2b208,good but it distracts student from studying.,5
f068cc6c-4b12-4e43-ae6a-f6b07d7f4bf3,keeps crashing after latest update,1
d7070aa2-bbb7-41c1-8339-7180e8880899,it is great but it time me out of the app I am tik tok Doom scrolling and the next thing I know boom my phone turns it off,3
525e5d77-f42f-4543-a588-d14e32165791,Tik Tok is the only key to better mind,5
6376c44b-e3e1-4ea8-b504-4374dd0a7cf3,"great app. but I have a problem with my contact, the way it goes viral specifically. my videos are an interest of youngsters. so why does my analysis show that most watchers are 25-30? that doesn't make sense. I post edits about video games, that's not their interest mostly.",4
66e69101-8c78-4ba9-a06f-0ed984218f7e,why is this app so slow,5
73c121fd-3c62-4e06-b58a-1e51ede7fecb,"Not good since I went from iPhone to Android, Not sure why it won't allow me to change my phone number and I haven't been notified if I'm done put on restriction or something because I can't tap the screen for likes for people and every time I try to send out gifts it tells me I have to use a password which I've tried to change and it won't allow me.",3
17034000-6caa-4cf0-8f6e-ce2d0005b4df,Developers can make it more easy for Developers,5
e17d62ef-8007-4ddd-a440-27a67b4418a5,you remove people from sending messages is that make sense?,1
7a425585-e806-4838-8bec-0e20b681fc93,i can have my friends and jusy watch short videos ig,4
a468c068-a7a6-4f5b-a6cb-9ddb3c8148d6,I love tiktok so much,5
b3e34510-f6f8-405e-a709-ae715e8155ee,pls how do l get more likes and followers on tiktok,5
f46ec837-3b0d-4fe6-ab9f-2482067e9447,snack video vote everyone,5
f968acd5-a815-4a7d-a6c7-c8760f3a8b86,I lost my drafts i need it urgently how can I please help me,5
380b01dc-d28b-4c80-899e-9b7321b9863c,Amazing for entertainment,5
ffb351e1-53e2-4abb-b452-29c7778afc77,someone controlling my app,5
460aa264-beb2-445b-8021-14e284caf909,seems like if you pick more than one interest when you're setting your account up it just picks one random interest and only shows you videos of the one random interest.,2
eae001a5-7f4a-4c07-a2f1-8bcc29eec332,Same ads over and over every 5 seconds,1
1d4b3db8-6a08-4d9d-964e-8ef4de18fcdd,Kiukwel tiktok imekuwa sehemu ya kuniondolea mawazo naipenda tiktok,5
079769f2-93ca-4a27-af7c-904664496589,it's draining my battery very high make sure about it's size,5
f02dca47-719a-4a76-a103-2e4c357e8445,my account and video viral,5
61edef41-3f16-4aee-8241-ac28fc19a287,Difficult to navigate between screens.,1
96a77b53-4aa4-41c5-aae4-27151ea39f26,"Like Facebook before it, Tiktok is an exaggeration of the things wrong with the generation that uses it. Yes, I've used it. Yes, this is an informed review. Companies that build platforms like this that incentivize the creation of low-value, click-bait, and/or misinformation content on this scale should be criminally liable. With the recent Meta & YouTube lawsuits... that might actually become reality. Either way, I'm going back to using my brain when I'm bored instead of rotting it with this.",1
397c448a-af1d-404c-be9b-225db9ae27dd,sangatsabir1 my user name tiktok account viral me my videos all foryou just me ok,5
298b8465-e341-4a53-b750-9e2d42876960,The government knows this generation too well,5
f7c6c06a-5768-4d93-92ec-145712447386,"Ai event pictures now? no, I'm not following Ai Luffy on tiktok. Actually I'm deleting the app instead.",1
a72bd58c-14e4-40ce-a721-2502c64eb3d7,Good social media app for having fun and enjoying with loved ones but the problem I face while using this app it always slow on my phone while using freeze and at times it's goes off while I be using it,2
44f47eb5-4564-4889-96d5-79082fc4c8eb,I have been using tiktok since 2019. I still love this app lol,5
1fba65a8-a68c-4c83-8801-c1ae9e367fe3,my most favourite app,5
3bc3dd71-ad48-4622-8265-7ccd34821964,I can't message with my tiktok please I need help changing this but it's nice and with it's offline videos and saves data,3
d6308495-f553-4743-9ae4-debe96e5ac3c,"I am so over how messed up the algorithm is. No one is liking the posts, I don't get anything I like on my FYP, everyone is back to getting in trouble for being adults while there are people being gifted for being extremely inappropriate and not banned. Yall broke everything they had already fixed.... Its ridiculous. I don't even get the news people I like watching either... I have to actually go to each of their pages to watch anything. When I like just about every post they make.",2
49dac504-97c3-4fd8-820c-224ab48b5a41,so beautiful app this,5
db2dbed3-5468-4de4-87ec-f180f88efb4c,sir can't send receive messages please solve my account,1
9625df41-656e-479a-8790-175dbcf9364b,"Tiktok is nice to scroll on and get some things off your mind. You can comment, Like, Share, Favorite, And create your own tiktoks and it's fun and all but however. Teenagers on the app are rude and disrespectful, Tiktok is letting a lot of things slide but when I comment or make something and it ain't even bad or close to how bad the other person said, They take it off. I honestly think photos need to be taken off of tiktok because people are using them for Inappropriate or rude purposes.",4
be56ef8b-c4a7-428b-9f56-1eaab9bda67e,"Hello TikTok team I am so sorry my mistakes.I can,t send and receive messages on my account please tik tok team .I kindly request you to unlock my I'd,from this problem",1
67f42d9c-8435-4385-acd7-6d0e626727e2,this app is the best but it has too many fake accounts,4
7cfa9e6d-bb4e-4b0a-ad00-907f9edfeca0,you almost turning into messenger,5
3a9acbd0-5224-4145-9d8c-0634a676c213,it's very very very good,5
2ed16950-bc78-4a90-9dd3-2aafccce5fe7,direct massage suspend,5
6a06933b-8ad3-4670-b787-3f8f41428d67,"apps fine I guess,but the algorithm is cooked",3
bf15ba79-9dfc-4f5b-a124-cb6be65da1f3,get to many unwanted video subjects.,4
a779cc5e-949c-4f63-b0ee-cf11b6c3a0c4,best way to waste your time on stupidity for some reason my brain was addictive to it.no more.,4
f2766eca-98f0-46fa-a851-fbaad30e500d,tiktok is a Beautiful and Amazing aap,5
f75d7b02-8cea-4b8d-b315-4a1c5c40df84,"TikTok ads are invasive. TikTok opened up a window for an ad, which wouldn't let me return to the app I had been using. That's NOT acceptable. I'm uninstalling it, and NEVER having any further contact with the abuse from TIKTOK. It's NOT worth the manipulation or the harassment. Server busy? I'll wait.",1
d41fd5b9-cda7-4e12-898c-e8e1c5ab0e3a,"Bots can get access to your account and send scam messages from it and instead of getting rid of them tiktok will blame you. They will disable your dms, put a warning on your account, and threaten to ban it. They don't have actual customer support to talk to just a bot. And it is clear that if you try to appeal only a bot will look at it so it doesn't work.",1
4edc4d7a-2535-4b80-bdfd-9b5cc9c9289e,Tiktok sucks for small business owners. Wish we had a section where we can find persons who love a specific topic or art. Tiktok doesn't push small biz owners videos enough so if you wanna make it on there good luck. It will stop your views at even 5 or 10. This app is a downfall.,1
15552aa9-66b1-4ec1-89df-12d287b0071f,when I try to make a slideshow at least ONE photo is absolute MESS fix it TikTok.,1
c516d8a0-718a-4be9-9c15-002a842518d5,kindly TikTok team please reinstate the option of who can views your videos now this features of to see who can watched your videos now not showing . please reinstated this feature that one can know who can watched or views the videos or posts thanks special request,5
7de73819-33cf-42fa-9d9d-2552c54cd4b2,Hi dear tik tok I'm a new using on tik tok application please Check my new official Account..... and viral all video on tik tok foryour page username tiktok JayShriram849,1
bc237cf2-c8e0-4aa1-89ec-8b81dfe1c08d,It's slop and it takes your time. Tiktok knows you and how you think they are selling your information. Delete this.,1
2485e4ef-e8b7-40ad-a178-51afffdfe0fe,My tik tok disturbs alot and l find difficulties to open it and l don't have any one to help me,1
b84f3397-7648-498f-91e5-8b74e5453a38,Last few days really bad and just keeps kicking me out.. any updates on the horizon?,4
c374bf48-1b73-43c4-8353-992f57c7cb5b,dear TikTok viral my all videos,2
65281cb5-7af6-491c-9362-6d12ac7afa8a,my name is gt blessing,5
0ec3dbad-7c34-454f-acd3-c80b87677fd4,this app is good to me,5
4c98ae27-538d-42ac-a2ad-df7be80a89dd,amazing app but it lags too much I've got to uninstall it every week so i can play some vids.. make an update pls,4
7a035e0d-9934-435a-9a16-91101304480c,I really enjoyed the app,5
e1658815-672c-489f-a9ab-e2c6c45c317a,shows I can pay 7 cents for 5 coins but it won't let me,2
58d8c3d6-5ec1-4075-aa9e-f37a8c65accf,can't sharing video and message to my friends,1
565675d2-1f17-49f2-b866-81eaeff3f5cd,it's a really good app because they have all kinds of different videos and you can choose what u want to whatch highly reccomended,5
254a08db-3560-4e66-bed6-e5e60e63ae42,Hi Dear TikTok I'am a new user on TikTok application please check my new official account... And please viral my all videos and account.,5
2df316bd-dbea-4c6a-a136-80c30ad7771c,this app not open fast,2
476d04fb-5e1d-4887-9601-36884187c8ba,it's not working well when. I put mobile data tiktok is not working,1
dd8bf0c4-903d-4c30-8565-b34be2e63c80,Delays in downloading,1
78dee2ae-9a82-4688-9bce-5a06c16aab05,I made a tiktok account and made videos but it takes 5 weeks for it to get a single view or a like while I'm busy scrolling there giving people views but they don't give my videos views o likes how coz I'm gonna end up uninstalling it coz I can't take it anymore,1
a0c2f98d-b7eb-4431-a855-1f6eb67844f4,this is such an amazing app .It is so helpful when you are getting bored.,3
722482dd-f0e8-4ca8-9566-b6c54bb5ba33,it hacking and not working frequently on my phone,1
b31bbbfa-4c89-4b07-8ad6-5d3aea75d91e,it's fun and I can learn things,5
d6a94aeb-9d1f-4adf-983d-a1215d86ddc7,"only useful for the Ni-ki thirst trap edits, Stan Enhypen",5
048898ba-f588-4c38-9fd9-e83292661085,"It's GREAT but it's been lagging a lot, it won't even let me play tiktoks, it's like it's paused, and it also won't let me hear the audio the vid is playing. PLS fix this SOon (EDIT) IT'S WORKING AGAIN! I'm guessing it was just a bug, but it's working again, so that's all that matters!!",5
c25571a2-32c0-4f71-96f7-4c1c951f816c,"Hello dear TikTok team Very important Please l need your help because your aooount has mistakenly put my account in the freezeflist. please re_check my account correctly and remove my account from the freezer list because I have not mhe freezer list.Because | have not made any mistake that isagainst TikTok police dut still my account: has been frozen and my views have decreased a lot and I am also working hard on TikTok now to make very good videos constant butt still, my views are much lower",1
55390756-b10e-4316-b493-a459dd06046b,anytime I entered this app is 50/50 it might go back to home screen by it self,3
b879b1c6-c085-4197-9f16-bf9a07522cee,A useless app designed only to waste time and turn people into shallow individuals,1
ea830eeb-0273-400b-a09a-a98ce9925364,yall took me out of tiktok for no reason and I got banned and then give me a damn appeal don't like tiktok and I was talking to my sister on there I don't have a iPhone so good I can't talk to no more not y'all fault though it's ok,5
f66793a1-3da7-4458-8276-a177d7dd9a7b,where did the lock 2x speed feature go !!!!!!!,1
c54620dd-6982-4d95-a758-1ab60c341469,Best application ever,1
1a078e4c-7562-4e49-9acf-f6185883b58e,"Plz,add opacity options in video toolbox for a more immersive experience.",3
1b2e41e7-a9e2-4885-8f46-eb6d2c59fdeb,"It logged me out of my account, even when I had the email and password correct and it doesnt help that my phone number isn't helpful either",1
96748a1d-c5d3-4770-9841-e7d49123537e,its fun and social able but the people who download are either rude kind or in between and some are kids,4
98834c0c-9c94-4a40-8b91-b1215d375f27,I give it 5 but I still don't have the stickers !!!,5
464996cb-ee28-4d4a-ab90-19e307d8f6db,"I love it, only problem is the lag with other devices except apple.",4
713843fb-438c-4b9c-adb6-ee5520f3b5c4,app wont stop freezing and crashing today. I can only make it thru maybe 5 videos then it freezes and says its not responding,2
fbb369f3-e0f7-4252-a7d1-8d568ff65f80,the best reliable app ever to use in your phone,5
e9472ddc-e676-4a97-85e1-5b8274510cc9,absolutely excellence cannot fault this app,5
662430ed-c8d0-433a-935f-9fb68a8e6535,TikTok is teww glitchy nowadays and idk why they added ai to it..,3
b31c882e-586c-4236-b463-0ce05d59c1e2,taking away features is absolutely ridiculous. this app needs to bring back 10 minute videos and comments on posts. there's not a single person happy with the decision to remove these features.,1
8c05c52d-3d67-4b5a-aadc-7659df9a4c66,this tiktok app is fine but it just banned me for no reason I neverd do tiktoks in it was almost my dad birthday I made just one tiktoks not my fave I just post hey guys pls do a favor for me cuz it almost my Dad birthday so can u guys put happy birthday in the comments for my dad in suddenly this happen band forever like my worst day ever that my dad had have but I gave u a 1 tiktok,1
ac46bd9a-ec2d-4230-9e28-80b35806d032,I love it so much and I am on it 24/7 and it shows me cool things I can do when I am bored,5
ee3e34d4-4370-4c07-9d0f-a0f80c3b7044,don't take reports for bullying seriously and instead take action against the victims truly backwards since they were sold went way down hill and the AI integrations are super annoying and it keeps opening on its own when I try to look at the comments section.,1
739c90d3-214a-48a5-b4d8-1014fdee839d,"good for live football, for is the best entertainment app",5
15ada10b-36f6-4670-87e0-7f80af28fb23,"I like watching tiktoks and everything although it likes to bug and not work sometimes, tiktok needs to fix so many problems with it, hope you also like tiktok.",3
036b96f1-f235-4bf3-b4ec-dfa5040e63ac,can't do the swipe trend,1
6d27d58f-2963-47df-977a-09a5e99f72fe,why can I no longer have tick t??,4
f5cafeb6-1eca-431c-9054-8abd677e6cd0,infected my mobile cell phone with a Virus,1
71c3b804-c958-4fd9-8e89-1bb76dc28bb0,TikTok is the best app but it need more time to download.Tiktok has many feature than TikTok lite.,5
ad9a1c04-6f21-4c6b-89c8-3bd9807ca9e3,iam looking for a white tran til.tok,5
95005290-8893-4ede-b213-3ba6b313cc7e,doesn't anything on your damn app work I want I want my money back from tick tock shop who am I supposed to talk to,1
cc386747-cdbb-407d-ae49-526735e8c250,you always get banned or suspended for no reason it socks,1
67b244ae-a93e-40e8-a173-867f4fb6d95a,"Work with Artists isn't working on my TikTok Studio, can you fix it? I'm not earning any money from the videos I put in so much effort into.",1
5b2d5982-b9b0-4eb5-9d35-780917235d23,it says too many attempts when i try to login... whatever that means i only tried once initially,1
bcc8a4c4-0632-4db2-ab0b-f3d6ae1dfd30,ever since the update its been lagging so bad cant even watch a video without it glitching,1
0714ff4c-e09d-4dd5-9c47-0572649fac9d,I'm sure it was the best thing that happened in worcester massachusetts life.,5
e0c89c50-b6d4-4171-9477-cd1958485d56,best great Tek tok interment is best,5
3fb60c76-d8af-49cf-b52b-f12b2d47c719,I can't follow any account not like following top frequent issues I can't follow any account at all and this is an account I created just today and it doesn't let me follow anyone,1
30680f4f-ae0f-4290-af18-04186ee68ad9,Thank for time for tiktok,5
853fc120-dc9a-4768-98f3-09feead1a129,TikTok is very hurt broken app in the world from me 0 star I give that app,1
dcfa9f00-c3bf-4e21-bc18-7cec9a4985a2,please unfreeze my account,1
32031099-6174-456e-ae94-8e014cfc6384,got a strike for the most ridiculous comment I made. it doesn't make sense why I'm on my second strike. and the comments are not even offensive. yous allow waaaay more worse comments than the ones I make.,1
c47478aa-5f38-4ddd-80f6-9edeb91e525a,app started very slow please solve this problem,5
96c6bedb-152a-49b3-9f5b-59510bcb0520,Thanks for making tiktok,5
39a21d5b-80cb-4de2-ad52-2d126b991f7a,terrible please remove the,1
3260c7f9-464d-40e9-a186-0d10ea8115c8,"due to my sim got locked by the carrier so now I can't receive otp and am not able to login my TikTok account ,other platforms offer Whatsapp otp verification but TikTok doesn't and that's why I hate using TikTok because if I can't use my real account so TikTok team please kindly allow TikTok to verify otp using Whatsapp so that it will be easy recovering our accounts ,I hope TikTok will see my comment and will fix this in next update. Regards Bilal",2
ba46bde2-11b1-4c19-87c0-5fd538539195,a scorge of the earth,1
daf9e289-e33d-4ae2-b680-06b70438fce2,how can I open my live streaming?,5
4ac18de8-5f36-4b83-ad29-27ac4a871ecf,Then and one mau Tap.book Tnmk and love TikTok ! H,5
35ae4a9e-0d13-4dfb-be33-e1036472534c,"TikTok needs to offer an easier way to delete 'collection folders'. There's no option to delete a folder & all the content in it. You have to individually delete each video and there's no option to delete the empty folder. Very annoying, especially if the folder is no longer needed. If I'm wrong, then please advise how to delete the folder and I'll update my review.",1
1625e3dc-4318-4f9a-9bf7-3bfc51066726,its so good but please change the 10 to up more minutes because I need to send my mom things,5
d4b73881-cf07-40e8-9d88-92f5e6d107b1,jadii_804 video viral,5
267f6551-1705-4339-a827-3e62b2efe379,great there is a great,5
7abf146a-e95c-4ade-9680-a561e01fe83b,One of the best for happenes,4
7677da60-a6c4-4e6d-b25b-064b2e508311,I really enjoyed listening to them.,5
72943257-13c1-4c0d-9f08-592935185bea,can't open the videos. It sends me to the pages to enable. I'm not happy at all. I didn't have problems with it before.,1
e065dbc9-b331-4623-badd-7f35ce1f5cd4,"very good indeed, I like it",5
bb21dc93-d23a-4b9a-99e8-47c406819e34,"Be great if you could have real people instead of all ai. it never helps at all, and apparently neither do the actually people that work there, the real people you talk to sound just like bots and they dont do anything to help, so make sure you never have problems because tiktok wont help you",1
76e7d833-ddd1-4bc5-a733-e596e2ab0ec3,I get updates rlly late and it's ur fault,2
e1090088-e1ce-4f5e-9fa1-50ce133646b7,"Very good, the only problem is that mine takes a long time to update, so I have to come here.",5
d6e886d3-f098-4251-a36f-caac5074a1a5,ads are extremely inappropriate not safe for children,1
bee85385-28ab-44a7-a4b2-90c80252bc16,What's with 3 updates?In one month bit inconvenient and annoying,4
9124dfa6-6e17-49e9-a732-b35a8fe12275,"lags too much, too many policies & rules too much censorship...",1
a23675ac-6b5b-42e0-a00e-9b758813ffd0,this is the worst app i have ever seen,1
fdaf0973-4d43-4500-a45b-b211930a4061,this is too much good,5
0f07dc21-2ce3-4619-b07e-964c83698f59,this is so funeiest app,5
a0fbcf26-b1e6-4653-a35e-79c8968e6429,please my tiktok I'd convert in earning watch videos,5
cd6e95ee-d119-4e0e-adc5-daca4be10d37,"signed up with my phone number, immediately got banned before even posting content or commenting on anyone's video. since no email is associated with the account I'm prevented from using the appeals process. Emailing them directly from another email resulted in a ""Mailbox does not receive messages"" response. Tiktok clearly hates nonprofits trying to make a difference in the lives of senior dogs. response: I can't report through the app because the lack of email. Try reading the review.",1
810d3819-01b4-4ce5-b78b-b618d35d8e33,The app can freeze when I go to live streaming it stops working,2
d965374f-6823-4737-8287-985ca34f1e08,TikTok is very nice app,5
0adc3a08-d2e7-4f66-9cc1-60026723f13d,Used to be brilliant but now I get adverts every couple of videos.,3
23dc0ab1-1963-4097-a7af-936718566b54,Personally it helped me understand the world better but 1 thing i disliked was the comment part when i opened comment sections to comment its come from the bottom and somehow which to the side which is annoying cuz i like it coming from the bottom but whenever i went onto tiktok it would make me happy and smile and i feel like tiktok is easy and gets me. Hope you found this review helpful.,4
7a976f8e-3cc9-4dd3-814b-723c93c053c0,I don't have a streak pet and don't have the option to create one.,1
57ffebaa-d6be-46c1-9963-3e152e7f6110,alirazabhai3201 direct message in not my account,1
0cba5d34-6b5c-47c1-88cc-12d9af743792,I have 3826 followers and I am posting my best video but the views are not coming more than ten and none of my videos are going viral please fix it my tiktok username s.656_,3
16c70b8c-da88-47c2-80f0-816f96b09b8a,I am FACING the issues visibility of comments. please fix the bug as soon as possible.,1
21366cf0-94b3-4485-9619-81c83e9ffad0,"I love the new animations, they are sooo creative!",5
dddcf39a-1193-44e1-92a5-0ab45bc06b0f,the original didn't need to advertise... they didn't censor either,1
3b2614fb-8cba-4eec-8a53-0847ed8c2144,I am facing issues with visibility of comments.plesse fix this bug as soon as possible.,1
72acfb64-297a-4826-ae70-2839f4cc801e,But my video no like my view,3
e632a063-a437-46b7-a95f-847e7c1af2c2,Great reviews = Great app !Thanks team tiktok! Let me enjoy my doom scroll now.,4
862a124f-6d64-4b79-ab68-1adf694741a4,Plz my account unfreeze,5
576868f3-5033-42ac-8b8c-6e5a1eaa6840,with the newest update it changed TikTok shop. before you used to be able to see a video click the product link and then you could see reviews and save the product for later. now it brings you to a page where the only option is to buy it you can't look at the manufacturer you can't look at reviews you can't look at the ratings and you can't save it for later.,1
60572de2-c4d1-49f5-a52e-0845cde23547,"seems to have hidden bugs the app sometimes crashes on its own, makes my phone start to lag and overheat so please fix it",1
0e383a83-8d56-43bb-a94e-297938ef64ad,Oooooooooooo the best way this app work's is the only reason I was just wondering if I could get my own app made but it's a game called the Adventist academy,5
b8d4cc1c-e300-49cf-9174-59c8cbb16644,hello tiktok plase unband my phone from tiktok,5
7ab02ff7-85a0-4f26-bd72-9a64da4f8f38,Please bar bar update naa kere,5
d8c0e963-bd66-47bc-a4aa-d2bc297405fc,the best app ever kuh,5
4172d907-d2fe-486a-82eb-fc624d9513f8,"it's best,but increase the quantity of offline videos",5
5bcbc593-9a62-4956-9a8d-cc0b296eb8da,this softer is very good,5
ea74d7e3-e193-4cb4-ab96-83f2694b8c77,It deserves 5 stars because it's truly excellent.,5
6d981850-e21b-4cdc-bbea-e9ee927dc9ce,it the best app everr,5
2412d6f3-0bd2-4260-ad22-349549d216a2,this app is very good. it is the papuler scoial medeia apss.,1
aa4cc115-00dc-423c-901d-19548947b07e,it was fun at first than I got kicked out made a new account and was kicked out and none of the codes they send me works.,3
63a19e27-3254-497e-a420-be649537b265,sorry for reporting but I think I know how the scam calls started because when tiktok became first then the scam calls did also love this app by the way,5
d823a2c3-cd1c-4319-89f2-9c8f822b0629,it makes me laugh so hard I farted,5
459199e4-e134-4aa2-8723-38c2332798a1,support me my bowling video ID Sarkar 46,5
b79c329e-248b-44f7-8014-dddf3109e916,tried to show someone a cool video and my whole page reset,1
b4cf0b54-8908-40c7-8665-f6b2169c6b40,5 stars a lot of gay people but that is it,5
51695189-ee6c-4a4a-b5a4-7ba67bf18fd1,it's really fun but I wish it would tell you who blocked you!,4
d57aa870-12ff-4bec-b35f-2667d7365fb1,my newer posts keep flopping again over and over its stressing me out I'm a digital artist I just want to show off my art skills what can I do to get more views and likes?,3
d4f5e434-52d5-4a1f-acb4-1ea18b797599,so butt idk why its so hard to make a scrolling app like it never works genuinely sucks age restriction all the time even though I show id and face stupid app,1
0e78f38a-75fa-4b56-8b1d-b6965a694bb1,It's the best video experience,5
4f93667f-219e-4f14-aa6a-d02f3fbb43d0,"doesn't even work anymore, goes slow, glitches out and doesn't load anything",1
56a19574-4289-446b-b5a1-b6dae7ee1efd,nice app I like this bro W app cause I see a lot of good vids and it's fun,5
fd733e62-4a46-4c9c-a565-8e2211fca445,doesn't let me chat with my friends or have a streak with my friends,1
a6ae9231-1103-41ae-939f-53cde5c629a9,The one of the good app in playstore is Tiktok.,5
eac80ea5-c322-45fe-a2eb-1964f86bcd42,"why can i not create a VIDEO with just pictures, i dont want to keep posting photos people need to scroll and with the new updat i cant make photos into videas anymore hate that. why did that change and not let there still be a choice? please change it back!! why did so much change with making the videos it was good like it was , tgere were enough options",2
53595a4c-eb5c-4a13-a038-06a1085c66ad,"it's good and all but it's been lagging a lot lately, it keeps freezing and kicking me out the app for now reason, and it's not because I have slow wifi or slow phone, it just kicks me out, not even letting me play a single video, pls fix this",3
51f6890f-8bdb-463e-a52c-792c1305a067,To much bad as i think,1
08297390-d562-4f88-b6df-35e1d9e382d5,"I used to really enjoy tick tock but now it's a waste of time. when I log in all it is is ads. that's all it is, scrolling through ads. tick tock doesn't care either. they'll send a pre-made response to everything. they'll probably say ""ih were sorry you're having this experience"" and do nothing about it. DO NOT download tick tock unless you want to just scroll through a bunch of ads and stuff you don't care about. used to be fun, now it's not",2
02071726-9def-4aeb-8e24-04ad3b5f4c24,has a bug always glitches,2
e8b91238-7cc8-43dc-9535-e6f6fd393929,love this app and love whack live,5
a23fb0c4-fcea-4ace-8cd7-1eee4fb3a295,my tictok right now is not working pls help me,2
086362d1-c9d9-4d9d-bda4-0538152310c4,"It is difficult to login, Doesn't load after inputing password and i cant find artist hub, all i see is work with artist",2
d7e8723e-4c50-43a5-8048-5da2f9057e9d,photo picture is not uploading on tiktok of mine account I request tiktok to solve this,1
c58a69a0-3595-490b-b03e-b4851c8c989c,I need more updates on TikTok,5
08a95fd1-6f1b-4411-8ded-1b29ae34cb15,I'm like this app because the people are get in this app fany video's and we can smile on this,5
3cf6443e-33f8-4c05-accf-1d61f72a9de1,"I love this app ,fast and smooth.",5
70a239b7-ff68-4853-bf1a-4e4d39a50ebd,give me my chat bubble while texting someone.....,3
980db59e-edb4-4ee9-af95-9a64bc8cd0f2,"I keep getting ads for this app, the entire world knows tik-tok exists so the new ppl you are trying to market to clearly have no interest in this platform.",1
60510d32-ae6f-462f-b619-4d467aa7c89d,in boring time. this app make me happy.,2
89294879-4fd3-4b70-a7be-71a716d401b8,can't watch more than 2 videos after the update. freezing all the time,1
40197cbf-24ef-42db-b5ac-626046a2ce2b,I saw agonising edits and I don't appreciate it,1
3162a8cd-bda1-4e9d-a07b-5ca1483706d7,bad app it kept said I was doing something even tho I done it 5 months ago and I got banned for no reason also it keeps kicking me out of the app,1
f2dace54-1d58-4dda-a7e9-08ba3a255ec2,Bad content need good moderation,1
2fe34aef-482e-4609-9e12-4555a6b0985d,TikTok excellent performance app,5
95e066d1-2e39-476e-985b-55ac7f82cfc5,it is a great app I love the app,5
20b4052a-e356-4ee0-a482-2b39e0ddf67f,Vedios views hii nh ly rhii hn followers bii nhi hn plz tiktok team unfreeze my acc tik tok mera acc buri tarha sy freze ha,5
d7add99e-46a0-4db2-ab83-1acceb4a71f4,photo mode option is missing and support didn't help me,1
4d4c3da8-6775-4803-881c-23ffc4b327e7,Love this app probely be 10 years old to have,4
c331527a-5c82-4e28-a053-cd81b98f2101,Unfrezzmyaccount #foryoupage,5
bc1ff8e4-9cea-4670-8b53-381b44496e3f,The TikTok app is just restricting the account from message and one can't even appeal on it it's trash if you don't repair it I will stop using it,1
e2ab571f-8532-44fb-a6c6-3c052bfe391e,"This account ( megveszlak) appears to share the exact home location of a public figure, which is a serious invasion of privacy and could put them at risk. I am reporting this because sharing private addresses or precise location details is unsafe and should not be allowed on the platform.",5
1f9ffbbe-83c4-4cb1-a46d-66a90ad22702,"when it got sold every ad became about gambling or sex no matter how man times i said i wasnt interested. no i dont need blue chew. no, i dont need a payday loan. no. i dont need an AI girlfriend. no i dont need to talk to sexy singles in my area.",1
640bd5c4-c917-4dc2-a99c-1d2e70e3aaea,my permanently suspended accounts not recover I have submitted 1000 apeales,1
26435bec-f693-4415-a582-6aea8a94a684,The content is way better than any app that has a scrolling feature it allows for a customizable content based on what u search and or who u follow over all Tik Tok is a great app.,5
f4b6e488-1493-4a13-998e-f52830117d2e,I want more views and followers and likes thanks,5
f39d8900-43e8-4872-bd43-032545ee4e79,very good very good very good!,5
03fe0e5b-1fad-4b1e-800e-033c40410b16,the ads are fake lives that promote lives but they're just stealing videos and putting a fake live overlay on it with fake comments and fake gifts and also I have said not interested on the ads about 23 times now but they keep appearing with the fake ads so this is my review saying the ads are fake and tiktok shop is way too promoted in app but the videos are fine. just tiktok is so damn annoying like here's a fake discount or let me shove a discount down your throat you just need to buy 5 thing,1
a8d5e918-1fb4-4762-88e0-c767488f654f,annoying pop ups asking me if im interested. I uninstalled it.,1
1a700cb5-42cb-4f38-b589-150a35d597dd,i love tik tok for you video,5
662a8c98-63b4-438b-9b10-e006eb0bb7b2,"age restriction is by far one of the worst things TikTok ever did, me being over 16 and requesting 4 unsuccessful appeals is genuinely sad",1
c5f08849-8892-4cdf-ba50-c3a64ad47263,"I have never used TikTok. This one star review is purely because of your ads choices. I am not allowed to skip them, they are clearly Ai generated, and if you try to tell me they aren't; You need to have everyone of those people arrested for the illegal activity. Companies like Oracle, Abu, or Silver Lake should really try to show little more pride in their newest work.",1
7ee12ec0-26b1-4f11-a880-eb0ae44f1649,"Autoplay nonsense, can't leave the app without being brought to another video, if someone sends you a video it plays a different video instead, way too much nonsense",2
29a319b4-8613-4597-8320-e724d69e5e8d,its the best app ever before tiktok aded ads,4
3d17b0d3-9457-4eaf-8ba1-8c120bad3171,very very happy laken live nahen Hy,5
66ed83bd-cd2f-40f5-8a36-e4b74eab086d,plz live for you page please TikTok team,5
6bd2d9b6-314c-4502-b09c-fac28ff207eb,foryou viral trending videos views 50M Virl Kar videos,4
04106845-da11-437a-aea2-775af86a79bb,nuisance app. ot should notbappear for me,1
66b3dc74-9d2b-43b3-be05-21cec0dcc102,I love the videos on this app qq some of my favorite videos,4
5b5bb0aa-8269-4d98-b8f9-36a72f5c0b6f,thank you TikTok I like you,5
240190a5-2645-4347-b3d5-23ee7d049550,"There's something going on with the app. Every time I watch a video it keeps lagging. The app keeps force stopping. I've cleared the cache data, reinstalled it and it's acting up",3
a302dc4e-1953-4331-82c4-9df2b279b24b,"good for scrolling, but when I'm tryna live stream on my computer, when I log into my account with MY email it logs into an account that I don't know. Please fix this it's annoying",2
a0b1797a-1ae1-4b1e-81cb-7ae77f193713,I can login because dey banned me,5
4f2b3332-c032-4157-994b-610cb1a641cb,It's very fun but I can't search for anything because the search bar is gone if anyone has tips pls help me.,5
5acd0570-284c-4521-ad3e-34e5d0c4daa8,I am facing issues with visibility of comments. please fix this bug as soon as possible.,1
b3cf8f17-fcf1-401d-ae09-420314d343cc,absolutely comfortable,5
204ab8d5-7907-40bb-af76-598d925a9fb7,Tiktok app hirala hhv,5
5dcafe5b-5a26-4fe0-a836-904fe9fc89a2,I have 1800 followers but views are not Coming please check my account and solve this problem As soon As Possible Username:Malik Nasir,1
d72245ad-5d32-46c9-bbc7-c7d14584eeaa,hi tik tok team please viral my videos,5
96b11657-3972-4dfc-9800-1a0f073b7856,why did you change hownthe back button work in search. this is so annoying,1
535a871b-2ff6-4f6e-9bd3-55376ae8aab6,TikTok live option open please,5
f0d0f06b-85a8-416f-bfe3-da207c357ee4,had to take a break from dool scrolling notice how I didn't say...,5
c20ec918-7e72-4f77-9c74-1ae0c1ac696a,this app is absolute trash i keep posting for almost a year and my highest video on likes is like 26 likes and im keep improving the quality of my videos and i still get barely any views or likes,1
9f72d9a8-146c-4f6b-856e-ddf95bb2c4f7,I love the app it is funny and really useful,5
fecfdd41-3964-43a2-b7a7-ea4ad70c548b,"fries brain, brain rot",1
03938cb5-d413-4faf-93b6-bd60f100542f,this app is so fantasy as it make us in connect with World especially Islamabad,5
51149551-45e8-4616-ab44-3bb1b7a89613,"bans you for no reason if you mildly criticize any of the owners they instantly ban you, download this app if you like unfair bans",1
f1d84b8f-0680-4db8-89f3-25d1bd521ed6,good morning Tik tok good,5
29631333-ba9d-4282-a61f-f086a22eb803,My video doesn't go to For You on any ID.,1
d139f32c-8566-465b-bdcb-d33149ef614e,stop the ads !!@!@!@!@!@ ananananwiwi91919191,1
a9d3e917-c8b4-4454-93bc-b16c3b422f49,Trash app to upload videos from samsung s26 ultra ..no optimisation.,2
00129112-f81a-4bec-82ba-362c3e9f6a1f,my dm not sending messages when I send it show me voiletion of guidelines can slove my problem,1
4d61e5ae-3dc7-405a-8dbb-0816cade9cf1,gwakyobomanya yesinga,5
60c4210b-f026-4762-88c3-ee9212cdd329,sometimes some updates annoy me but tiktok is like my favorite app ever so like ya I love it.,5
1e47ce58-2f13-4f4b-809d-52c992dad748,it's is soo good and nice because you can talk to your friends and people that you want to talk to,5
59c539ca-a606-4fd6-816b-731682c95a17,it wouldn't let me change my birth of date and it is to strict,1
7ef242ad-b9a9-40a3-9406-adab9c444d50,Wonderful app. but addicted,1
1ac9c7fc-cd2a-4a01-9430-ded0d29455f6,"Some videos on the app are lagging like hell. It's not been like this before, app is almost unusuable now.",1
69e33606-0f66-4970-811a-4982dd9fa057,cannot clear comment from screen on android version,2
578f6a24-b16f-4656-a197-76e21f67f4f2,I really love this app,5
0d926093-a0e2-4920-8e08-179a5c7de9d7,it doesn't want to be installed in my phone,1
c9ce1b18-267a-4df6-875e-adc06791ff28,please I need. I want a watch and earn button on my TikTok. Can you please provide me with a watch and earn button? Please provide me with a watch and earn button. Thank you so much.,5
475340aa-90a4-45f4-a816-cdb979181284,1000000000000/10 for me,5
9d0949e0-58ee-44e8-87d8-f9f3eb1e9d52,"I LOVE TIK TOK BECAUSE OF THE GRAPHICS. PEOPLE BE FROM ANYWHERE AND EVERYWHERE! JUST COMING TOGETHER TALKING, DISCUSSING SUBJECT MATTER THAT MEANS SOMETHING. ALSO I ENJOY THE SHOPPING! I MEAN! HOW CAN YOU NOT GET THAT SALE! AND LAST BUT NOT LEAST, CONNECTING WITH MY FRIENDS AND FAMILY! THIS APP IS A VIBE TOO!!",5
303a4247-6bd6-4083-af4c-75b1a8344a93,"I had an account in either leading my account and i'm trying to make another one in wilbur, sitting crying and I can't even make another account.So me and my friends can't watch my videos.I made to accounts, and it's still not letting me make an account.This app is buns.I'd rather go watch youtube shorts and make own videos on there.",1
475eba1f-c465-45ed-b179-1d9734726791,really repeated vibe.NOT ONE THING IS PERFECT.,4
97d25bcf-0525-4441-85c9-1c169eba900c,"Wonderfull,great fabulous ,fantastic",5
ff41f6f3-2f58-40cb-935b-2ef56e20f09b,There is no x button. Every time I get an ad for this app the x button doesn't work and I have to close out what I'm doing and start over. This only happened since the buyout. Thanks a lot Oracle.,1
63f9f13b-8e03-4c64-b106-8bd922311317,"Your problems are too much, anytime I delete and install back the app it won't let me login into my account why?",1
d5635a94-f544-493d-a41c-d46671465887,tik team plz open my live option tik tok is best plateform,5
a92f9d4a-1a2c-4869-9909-dc16d039c853,"Hello TikTok team,( Your account was permanently banned due to multiple violations of our Community Guidelines.) this is my problem, please solve it, I am very worried, if this problem is not solved, I will be very tense, so please solve this problem for me, it is a big issue.",4
2b544767-ac3d-44e8-82fe-2a34e91dc3ee,"Can only follow 10,000 people. Won't let me tap the screen to like lives anymore.",1
c0e15cb7-e627-4598-929e-e7494d6dd495,This app is full of life,5
4db3ab24-4956-4664-b804-86c1aa871b7e,Do not use tiktok shop! If you ever need to return an item they will take your money. Even if a seller agrees to do a partial or full refund tiktok shop will decline it.,1
c161842a-e8f7-4b01-86e8-c8841a15de25,"This app will program your brain for addiction to it and still your life hour after hour. The algorithm destroys cognitive thinking. Keep your kids away from it, or you lose them. They will become a strangers to you, creators who don't even speak or look your way.",1
b611fe2c-7679-4048-8879-48e930738a8c,it is too slow and sometimes stops working on android,1
ebacd536-af91-4669-82fc-5ad67c61d892,i didn't get the chat bubble update,2
c5182097-f9c8-48be-a12b-dd48de88e856,it is a good one but the problem is that if someone repost my videos it won't show on my page it is going to hide I don't know why. please you guys should work it out,1
4004a692-458b-4b24-b038-b05894426ab5,so what's up with til tok crashing at least 3 times a day and giving me the pop up error about it not responding 3 times a day like clockwork if that. today it crashed 5 times til I was just over it and did life instead of some scrolling. so I guess that was a blessing in disguise! fix this app please! actually,3
a4907f3d-fa6b-4b15-95b1-d11760aca7d4,i deactivated my account and tried reactivating it and the only thing showing was enter correct parameter and that is an account with up to 2000 followers,1
484983b3-7327-4194-9272-86f4fa13a514,"TikTok's algorithm is scarily good at showing content you actually enjoy. Short videos make it easy to kill time, and there's genuinely creative stuff on here. Can be a serious time sink if you're not careful, but for entertainment and discovering trends, it delivers every time.",5
bb1b8a3b-9d10-4d54-9a8d-98bcc2fd4e50,iam facing issues with visibility of comments.please fix thisbug as soon as possible,1
db2a8565-ef1b-4558-9490-3ce5aead0fad,For me it's a worst app .I'm gonna uninstall this app. they banned my two accounts without any reason.They just say I violate their community guidelines but I've done nothing. I just posted BTS videos . I can't post feedback without giving a star that's why I'm giving one star otherwise I'd give 0 stars to this app . Very bad ...,1
1ededd4c-ac9a-4e94-917f-31f9374ea055,Tiktok is legitimate brainrot and needs to go away. It lowers peoples IQ's.,1
bc00da19-ea28-45e7-a52b-cfaa9274b3d1,WORST app ever. Find a alternative. They will.block you after 2 days and put you in spam for 0 reported comments,1
effb77ff-2656-48fd-a3cb-ded5c167c357,it keeps showing me negative content after putting not interested,1
3a21d1c2-f655-43b2-9133-6b503b02ba60,I hate those damn wellness checks bruh they are the worst,1
02bd4a0d-f445-4dcb-884d-6008982dc240,Hayee tik TOK please provide me the Live photo effects in my tik TOK soon.,5
fe3a8db7-0d06-4473-9bce-35170fc367d3,tiktok is good for entertainment,5
8c59aa1e-41e9-40e0-93ae-ca37a88d67bc,this app make the people that keep sad happy,5
94db7786-9578-499c-a36c-fbad8bea4e3e,ap log har 2 din bad update Keh dete,1
b9c49805-5d6c-46b1-a0cb-c55c973b98f4,This is very important app,5
7d8f36b8-01cb-471d-ae38-b3769160fb2e,nice platform spand good time and enjoy everymonent extra enjoy received you watch live match rindam and pk,5
4e069a64-909f-49dd-b4b3-5ec1e41a3bcd,tiktok onack balo ami vidiw sarar sathe sathe for you hoise,5
f79e7b54-a2eb-461f-bdd3-bf1dbbf40ff9,ehh fighting your way throughout the elite accounts and challenges and levels badges algorithms put forth by the elites will be the most challenging part. your success are determined by them. so your forced to expose yourself to them for them to judge. you to then if they except you. under the impression its algorithmic in reality its the elite that determined your outcome of who your success is reaching.so depending on what is that your wanting .fame success $ or all of that be safe.,2
003cd593-2435-4bc2-9994-423de2952e6b,the experience was very good excellent thank,5
2c67ad95-31c5-42cd-a3c1-8a0f9b80acea,its so weird with weird things and bad picture,1
014476c5-e8f5-4a0b-b7e5-d51f42904b06,I really like this app,2
dfca9eff-1e44-4870-a834-e866f734ccd1,"app recently started lagging, 80% of videos will not load ,even slides and photos sometimes don't load. i cleared cache and App Data. my internet is fast and runs fine with YouTube, Facebook, Instagram. this must be fixed",2
779468bc-bd48-40d3-b31b-5ff458bec006,plss not 171 MB 76 MB plss for only me...!!!!!,2
a364e59a-5d38-4d15-95a6-a612802d727a,most beautiful app to everyone to enjoy,5
5a5183cb-a089-4796-a7e4-22532e48e908,it's actually good I enjoy watching the videos,5
05fd6476-4205-4ebf-bb14-0660e245000b,i have give it 3 stars cuz' when we delete the app and trying to install it there is so many problems with the app it didn't logging perfectly,5
31de776e-7c3a-420d-a981-df5abefc72bc,"This app badly needs viewing speed controls like x0.9, x0.8, etc. (x0.5 is a joke). Most creators talk too fast for the ADHD generation. This app destroys your nervous system.",1
b0921e37-a586-44c9-8ed4-b3a7695f7634,Its been a good app until 4 days agoo it started lagging and the photo freezez,2
bd25e660-9e8b-4917-8dd6-82b475442a22,I am don't recommend this app this app will destroyed your future so I hope everyone make distance to this app,1
3fbf07d1-fb84-423b-b2c3-84042f505b1e,It a really good app but there's so many weird videos on here,3
1ea474b7-d867-4ecd-bd1b-453f53ff1b67,"The algorithm has been so poor, I can't be creating good content and algorithm won't help, it is so painful. please I would like TikTok to look into this",1
3c24e334-91ad-4ef1-932c-9cd4bfcbb94c,"banned me for zero reason, with zero chance for appeal. then I can't even make a new account? tiktok moderation system is very poor compared to other social media.",2
3940642f-f758-4242-b29b-5c97ebfc8d24,tick tock has been not user-friendly for me but I keep trying and it's Good Friday recommend it to emney one,4
d4d6c102-747b-4336-9a77-8b17bd42f56e,"The only problem that I really have with this app, is that the moderation is so bad My comments get deleted without me even saying anything, I'll put a sticker in the comments that follows community standards and it will still get taken down.",3
71133c96-426f-4596-ad28-5ebb3f514bd1,the app banned my account and this is like the 5th time its okay ig just don't talk about being 12 or under,1
20935f52-a8f3-40b1-b504-580acf95dc7f,"my messages keep on being censored and stuff even tho I'm not saying swears or anything like that, I've already tried eveyrhthing but then it just comes back after a few hours",2
28d1e51f-eb5c-423b-9347-cca4f8241004,I am a content creator and owner of some groups in kankara local government area of Katsina state,5
2f9640b7-19d5-4edd-837c-2021aa4c2f60,Tiktok team my live Tiktok upgrade please help me solution,5
a8c3e6cc-aa4f-43c4-a655-6e9b4089617a,Can we get a separate app for tik tok shop like amazon? Because it's alot of scammers and fake items being sold on the original tik tok app.,4
f25c0ab9-0c36-4901-a732-7326f0e91613,Hasan janking for you,5
ca5ebbc5-9740-46b5-88d8-96483f3d1aeb,"why am I getting recommended my friend from discord, my number/Gmail not even being connected to either account 2 to 1 stars because now I'm getting a like limit for the first time I open the app",1
9af9adde-7a19-416d-a2b0-19f6bfc3c8ea,plz my TikTok account viral video plz,1
57216774-30cd-4aa5-ae8d-4d9d45f6eefa,This app features everything I have passion with,5
203cd633-f110-4bba-b2e4-9bec4304afdc,whenever I try to get into TikTok it lags and just logs me out and it really kinda upsets me I have TikTok lite but it is not the same. I don't like a laggy TikTok and idk If it's just my phone but it's so bad.,1
87fd19e7-9149-4ee1-8fcb-5178f6c8bc0f,TikTok is not updating.,5
3e5a1ae1-a52d-42c5-9810-c17d9daaaf0a,"Excellent as long as adverts are left out. Good. however, there's need for this app to have features to optionally UNFOLLOW someone.",5
feac0e26-3d41-4c97-be64-2e8a2ae33b69,"every other video is something sponsored or promoted. get rid of that garbage. I want content, not unemployed losers trying to sell me stuff.",1
7b12c285-ed33-4973-a0d9-ab3d21a94df8,use tiktok for more skills,5
0b19c288-1386-416c-bb83-697900c0d155,intrusive when I want to do other things,1
e0b36cb1-f518-4b24-ac06-a304c4443715,tiktok video play on while my device was locked,1
cb9ff13d-89c4-4b1a-b906-36bbd7dd2a8b,It shortened my videos,3
45bf812d-b9df-4a55-aea1-d38e52915a34,number one champion TikTok,5
595af9a3-d936-4afe-a25c-a2e306e83c07,"worst entertainment, Chinese take your information, tiktok loves getting their money's worth out of you",1
d611a388-3c89-4d58-8821-2d2cb85fa926,not good because titok don't want to make me go viral,5
a577841c-1cd7-4f0d-b8b7-4a240c2a7c7a,Thank all of you guys,5
bc5694a4-da01-4833-b396-da59f8526a17,So bad it cant even load videos when i try to send it like how am i suppose to send videos if its dosent send!?? Im actually so offended and what if I'm dying and I'm texting my friend on tiktok and it doesn't send what if I died? I hope tiktok fixes this bad behavior!!??,1
717a46f7-eeb4-4d22-a0a8-cea22f5fa695,it don't let me sign in like what? plus my account is banned for nothing... it still won't logged me in,1
ab195971-4552-4097-a4ae-bdce61d3dfd0,very bad Tik Tok download Hote onek Lamba summary Lage 175 MB Tik Tok,1
dce6e824-7d4c-48ec-b7b8-810b5c9fc73d,"it had been very useful for many things, I do not doomscroll and this app allows me to watch lives with not many people do I can interact with the people without the chat spamming and over it's great with a few bugs.",5
74764874-8607-44bb-b19f-9e1f48316e65,Dear tiktok team plz recover my acount abdullah-khokhar-3333,5
e32431f9-61ff-454b-97ad-1ae496681e4f,"trash app, doesn't even say for what I was banned",1
3a1dd751-8e81-4c17-a5de-a13ab7eae706,my draft videos are not opening at all tiktok needs to make a recovery for it,1
d243cf66-bc36-4816-9389-1dceee8162cb,"The best entertainment to all ages,sharing owesome moments with loved ones.",5
c9ecc178-01e6-4e48-b359-dc8c1e4f70cc,watch 1 video then 2 ads. algorithm sucks now. I'm completely done with this app.,1
61a1d7aa-ef64-42d7-a99c-501b60f3410f,as this app is so much better than YouTube because YouTube has a lot of cringe and brainrotted videos,5
2e6d7b86-df6f-42a2-b649-f4cbbeadfe90,I don't find my local contents but instead I see more of latin and asians,1
76e9a52d-eb47-4974-8233-101eb08c3e37,TikTok team i need ads on TikTok and earn money on TikTok watch ads,1
eda9e76a-199c-44c4-9c56-cf8b3a94ab43,TIKTOK FIX MY STICKER COMMENT WHEN I OPEN IT SHOWED ME A ALL EMOJI,3
96a94147-dfa1-4925-a918-a77def3c3b82,if you make a account it says almost done and makes you do it again and then max passwords reached,1
18a63a8e-4588-4014-a926-6f9a1d9bbf6b,I love this app thera is a lot of fun but if I posted a vedio related vapes so they give me gumunity guidelines there's a lot off people who post vedios related vapes,4
357ba4ef-2e15-4acb-ace1-53aac3698c1e,not worth it algorithin sucks and will constantly throw ads your way,1
b03dd6ed-9e38-4272-b065-d414db34edf1,I love this app and it is very useful and you can get money off of the platform,5
27362711-87bb-4d87-9b13-ab7b0d065a16,I love this app and skz,5
6b31f684-7e1f-4510-aa42-defda2964d29,I don't know what is wrong with this app I downloaded it since 2014 and I started using it but it's having kept long and now it is glitching if I open the app I launch it the app will close by itself I have updated it so many times but still the app is glitching and still closing by itself. I use Samsung Galaxy A03 Android 12,2
86d07676-8d1b-4834-81b8-b08e20dd10b9,Viral my video 90 milion,5
3b1f19d3-cbcb-4756-906c-7c5722c1fe57,The app is a good and nice app everyone needs to use,5
63ec987d-f964-47cc-9e88-7897653c54e5,slow network mobelink,3
614b6e89-ec3c-4eaf-88b2-05d7c54136ad,I got banned for no reason and now it won't even let me make a new account. what a joke of an app...all i did was watch and share videos with my friends. it deleted my account completely. it even blocked my vpn completely because i can't even make account on my computer. after they got back to me. they couldn't tell me why i was banned...,1
9d535c5a-44a3-4b06-b853-630295383206,Ata akta darun app jakhan thaka,5
5ebe8ba4-8966-4c99-ad0a-b48ddfe17732,It is so good to watch love it,5
e0641194-8907-4c4d-87a1-3587c257c9e9,I rated one star because I put a bow tie on my head and it doesn't let me put it on my frame,1
3d218da4-5c32-487b-9aa4-3482b1c01430,"This app is unfair and biased. Their rules do not apply to everyone. They let people say things in videos that they ban you from commenting, even though you use asterisks! I used to love the app, but now, it's all about negative stuff, celebrity watch, and feuds. I won't go back. You only have one time to ban me for that petty stuff. There are better apps than this, and secret apps that you can be free to be yourself.",1
a0d846b8-2464-4bb4-9bd5-b1bbe8fc4eb3,let's go to gather karbala,5
8c4df54f-339a-4c3b-b9bc-120afb4035f2,my favorite songs are not going that's the problems,5
cf011795-b78c-413b-b3cf-63976d2ee807,"it's a good app,I love the vibe it got",5
0ac048db-5a72-4a11-b760-b341d2e46613,"absolute bllx now, sensoring search results. shadow banning etc. weird how that happened after it's been forced to sell in the west. bye bye",1
76e9d525-e537-4e8e-b3d2-67e65f806fb2,MY account is banned so that means I can't report anything I have sent 4 emails yall have not gave me a proper reason of the banning even after I asked for feed back so please do something or my reviews are going to get worse n worse n trust I have more accounts than 5,1
8f15454e-c29e-4fc1-93d1-cf731423fd20,tiktok stop making up fake accounts for people,1
b51b5c1b-4b72-46f0-9734-c70833a8d33d,"I have experience that whenever am on TikTok it consistently stops from working on my phone or device meanwhile too my phone is Already in it's Updated Version and everything is working perfectly fine but not on TikTok Secondly once it stays on for a while for me to use the app ,I noticed that with all the settings and camera qualities I provide my videos still don't go viral like they instruct us to do ..... Please Help Solve this Problem ,it's very Important please. Thank you",2
2ecc1381-64bf-463c-9b01-dfb23d1e0d3f,app horrible and glitchy,1
528f0b28-fffd-441b-9be6-925d11242c25,Delete it from being on my phone,1
1c2caef2-dc56-41a5-beeb-758a095cb6f5,bring back photos and sending gifts and my life is yours,1
88b356cc-165f-427a-8acc-84050cc09a4a,BRO STOP VIOLATING MY TEXTS WHEN I'M TEXTING MY FRIENDS I'LL BE TALKING ABOUT SUCKING THE FOOD POPSICLE AND YOU BLOCK IT!! also everything to y'all is just blocking things I say,1
16228674-631a-4c9d-9d41-de9a3dd40f07,fix the bug where you leave a post in in search it takes out to the feed,1
6fea655f-d97e-4ae0-9c32-83e2adbec54c,this app is the best app to watch videos,5
543aa448-c63a-401d-b31f-c1ab5173362b,tiktok is good but I can't install this pls someone tell me why,2
56089aa2-31dc-42a9-81af-e1b7f33d9ceb,Good application for entertainment and fun,5
291c1d5a-67ef-414e-8331-e80b0bcb01f7,it won't let me update even after deleting 2 apps,2
af5acbcb-852e-4dd9-98aa-1ae3cc43f3b8,"it stops responding even when you want to go live it stops,I have a lot of space in my phone but does it stops responding",1
ad7d1ddc-ee4e-4896-b86f-6d702b0c7eb8,it is kicking me out...so thats one you guys get a one,1
924a8ff2-581f-40c9-b65f-30dd2dff8306,it good I enjoy watching TikTok,5
2c292202-8412-4589-b710-0a3af364934a,no description to fully remove the damn ads and remove the local feature,1
66df193d-cf1c-4ca8-967e-99c09b30c960,"TikTok is dangerous, but I know how to make videos and the camera doesn't lag, it's truly amazing. The filter is amazing, but even the bots are amazing.",5
10739abd-87ad-442a-9334-897c3390bc7c,good luck my TikTok account,5
cc497265-ccb2-4d0d-b8f2-991766325bd9,"Hello dear tiktok team Very very important Please I needyourhelpbecause your account has mistakenly put myaccount in the freezer list. Please re-check my account correctly and remove my account from the freezer list. Because I have not made any mistake that is against tiktok police but still my account has been frozen and my views have decreased a lot and I am alsoworkinghardon tiktok now to makeverygoodvideos content but Still, my viewsaremuchlower than before. Yes, butifmyaccount marwatoking",1
b7959619-d3dc-428e-ab39-3c43b98d3b72,what is the point of blocking a person if they can still message you??? I am getting harass by guys and when I block them they can still message me. there is nothing stopping the harassment and you do report stuff they give you a notification that there was nothing wrong even though it's highly inappropriate and us women aren't feeling safe no more.,1
f9e67eae-45e7-4b7e-b30a-bea0e40ec6bc,TikTok for you option not showing,3
65d22e0a-7150-4ef5-9de9-592d59a99c3f,unfreez my account plz let,5
0aa79c52-30a8-4bc6-bafe-e338e8d4af7d,TikTok is very active so I recommend to u all,3
66092f7e-782b-4f0c-adde-a6ee29f366d4,This app is fun but the rules most times makes no sense and we keep getting restricted for things that seem very odd and unnecessary,1
a440c0df-b96e-4b7d-a137-5cfa8f283ca4,after the update the word (downloading) keeps poping up which is annoying. i hope you can fix the problem ASAP.,2
da335f9e-1dfc-4a33-aa0d-73fb3ad5cd01,A fun and creative platform for short videos. Easy to use with excellent editing tools and trending content that keeps users engaged.,5
b911abe4-8e3e-4868-a93c-5101d2e6b7ce,my photo mode is not working,1
d8127777-b1c1-4759-beb2-d448accdd909,They banned me For just saying McDonald's worse app,1
3c93a65d-92bf-4b7b-a721-72dd4b92abe7,Nice video nice map v improve your TikTok account gangster.jutt484,5
d6a1047b-ee68-44d9-b6b9-c2162d6df9d5,I love this app but one issue I have now since last month When I click save button it co.es back as none saved and I have to click it again multiple times for it to work,4
3e605f24-ed93-4b3a-99d5-27c06aee7003,"Bring back the ""interested"" button",1
257315b9-d56b-4e17-a6bb-81573fb4f2cb,advert is too much oh,1
88911bc2-1510-4b05-975e-0860160af77b,"I prefer TikTok for its filters, but I'm disappointed lately because the original audio keeps disappearing after I film. It's super boring and frustrating.",1
2e1562e0-2874-45c3-b113-eb4d38813633,"Hello TikTok team, this was my own reel account, it got banned and this problem is happening, so I am very worried, even if I am creating a new account, my account is facing the same problem, my account is getting banned, I cannot use TikTok, I cannot even open a new ID, so please solve this problem.",5
1ffec89d-23db-47ba-98bd-edf9f4eb4365,My DMs are completely gone not even message requests are coming through this App/TikTok is extremely broken with no proper help as the TikTok Ai is dumb as hell,1
bb432e93-85ab-4378-9b3c-7cce04001bd5,why this tiktok account is not monotized,2
d6be717c-ec64-48a8-a22c-88675ce8045e,it's good but not fast,5
29e3a829-614e-4d1f-8b1b-1bd6a23a5dd8,if we could make calls on TikTok like on Instagram it would be a 5 star but otherwise it's perfect,4
94e50e83-eb16-4bbc-8c1f-0edce56154ed,It leg to much like its paused and sound hearing so plz fix it I hope it's a bug,5
14b6f5eb-a465-4d46-9c50-3e8b142fa856,he is most entertainment TikTok,5
7a004830-9e94-424f-9b18-f590328c13a9,good for depressed people it's distract the mind,5
733be31d-cf90-4a1e-831d-6cd13810b850,It helps me be happy and release streess,5
743de287-8d8a-47cc-a41a-91d4059593a5,TIK TOK IS SO BORING NOW,1
11fdb955-3673-4f3b-84c0-a3b843513e3f,"buggy app, too many ads, and an annoying ai ""feature"".",1
b05137cb-e276-4424-9d77-4bd78a033661,they just don't listen or they AI model robot are they 18 because iot playing not TikTok for adults. only,5
898fa337-3ba7-4e44-8452-d55b12a6486e,I Love shopping from TikTok. They have some very good merchandise.,5
e54e056a-b45d-45ee-85d8-a6780e0de9dc,"it is so glitchy! lives keep repeating the same 3 seconds (wifi isn't that bad). videos wont load, sometimes i see the same 5 videos multiple times repeated in order!?? or the app makes me follow people I never even knew about i always keep my following under 100 but tiktok be adding a few!?? videos wont load but I check the wifi and its fine? switch to data and its also fine loads everything else like wwm BUT TIKTOK CANT LOAD A SINGLE VIDEO!??. not to mention the damn ads so much buts and chest",1
2f936056-33dc-4d43-a9c0-0cdae5a4684c,Bad platfaram no like no views no folwar,1
40d02d4b-e6c1-4f9f-873a-ee0f59209fd7,"The problem ur having is that some people send u a link and unknowingly u tap in it and afterwards u find when ur WhatsApp account is blocked like mine , please I ask u kindly to reopen my WhatsApp I won't link up into those links that I don't know where they are from",5
11703120-0f7e-45c0-be8b-37ca9ffecdbe,I would give it 4 stars but the lack of lag this app is awful every time I try to watch my repost or a video it either starts to lag out or just kicks me out of the app as well the audio starts to lag with it this app has much potential but the lack of lag it has makes it unable to watch videos. Edit: This app is being much more worse then I thought when I open the app and start to watch videos no more then like 10 to 20 sec my video starts to lag even worse and pause the video this is bad.,1
087cd4f0-20e2-4f03-b65a-accea505f948,i like this TikTok app,5
001a2808-18f4-4dfe-80a0-adf5f10c95b0,they kicked me out again but I a. 13 about to turn 14 and they are asking for my ID but my ID is lost and I can't find it,1
c9bc44e8-0202-4a9e-81fe-b37933f9e3f2,My sister used this app. and it was soo nasty plus there are alot of daters which is not good for kids at all and now I know why was it banned from country's,1
99a1f957-23cd-4aa1-8d32-0241db252d6e,baset app I love you this app,5
a766287e-ba3d-49f3-bf65-1ebb73f32766,Should have left it with china,1
f32a1e00-4ac5-422c-826b-c0986f0ff5ce,disrespectful to new stream and you can't go live and say your opinion about other things,1
cd003d14-cff0-457e-ba34-622299f2ad07,I make such good videos. Still they don't go to For You. Please help me some big help this Video For You page.,5
9d377375-f1dc-46b3-90ac-4b9272c43738,This app is very good.For entertainment.,5
561b4b04-9bae-45f3-9e0b-7306ef2c4132,hi guys wow this is TikTok you on the best,5
b3082294-0351-439d-98d8-e70a9d633022,I just love it it has the best experience you can ever get,5
92f34c95-ea1c-4da6-9ae9-7eb2ff20f4a5,Very high memory use app,1
55529a93-d350-4978-950b-d08ea9cda5e6,having a lot of glitches and issues with my account.,2
36ba30f9-9125-4165-8a8b-11547c6e719c,this tiktok has got everything nice but sometime it get hack,5
ced1671c-719e-423f-84a6-8df180236407,"Just randomly stops for no reason at all, I've updated this app for like a million times but still no change please TikTok team help me with this problem, I'm tired of it (EDIT): now after updating it, it won't open",1
1b971239-6224-4372-aedc-2ef670e87530,I had this account for a few years. now all of a sudden they want an age verification. I am not giving them my ID or a credit card,1
06cca893-f335-4522-89d0-9f92c6b8e316,It is taking too long to install and slow,1
2f303013-beba-403c-8c51-f0a793da82d2,"so slow, doesn't load, glitches",2
7a53cd2e-a85f-47ff-87d0-13fee52fc6ac,tiktok message not sending and receiving problem | TikTok message not send | MS Tech Trend Copy This Appeal Dear TikTok Support Team I am reaching out to report that my ability to send and receive messages on TikTok has been disabled. This restriction severely impacts my ability to engage with the platform and its community. I kindly request a review of my account and the reinstatement of messaging privileges at your earliest convenience My TikTok usernam ahmedmughal687,1
611cc665-9954-4738-93da-da562cff4742,tiktok is very slow tiktok lite is the best,2
c1033670-7642-45db-8202-3fe6bce23100,funny ion know shi like uhh ... idk,5
392152eb-ce63-405c-8707-bce63d75c14b,I LOVE Tiktok please viral my videos,5
3dbe5852-06d6-4086-87b6-8cdc3f8e243d,bc it's not letting me download it,1
15442117-48af-4d34-9797-983b7217ec3d,plz don't copy right on my videos,5
a4446b84-160e-4bf9-b73c-cc0d7cc7c33d,Good but always having problems,5
10428133-e278-4d47-a6ba-17ad825b4cce,"I so much love tik tok I need more followers, views likes and comments",5
f693ed1f-d1b2-42e5-ad9b-b29a99214617,This is a good and very helpful app to our people to stay busy when some places are dry to keep our self busy and also to earn bigg. ........................,5
e735d696-4345-4c21-a0a0-cecae23196e9,I'm now seeing start randomly popping up for no reason,3
887a1744-4638-40ac-abe7-a72a476ec07c,the best application found in social networks,5
e5268763-f091-4633-85c3-0769be1d848f,i love you TikTok account,5
a472f505-b223-4199-bc2b-3e3813678e05,maximum number of attempts reached whats this in the app.i can't login my old account.Improve your app TikTok team.,1
89b438e7-d906-4db7-ba95-7934f33c5eff,Please tiktok team viral me,5
cb62fe4a-2c06-4c2d-98a2-42d81f34fe00,Thanks again so much for your tiktok,3
c9f1de25-37d2-4e7c-8a70-a1ca221c49c1,banned for no reason can't make a new account,1
f6b205ff-4e13-4c1f-a7f6-e80eafacd5c5,"This is an absolutely pathetic and time-wasting app. The content quality has completely degraded, and the feed is flooded with useless videos that are incredibly frustrating. There is zero regard for privacy, and the algorithm is so poor that you never find anything meaningful. Additionally, the app is so heavy that it causes the phone to lag and drains the battery within minutes. The excessive amount of ads has ruined the entire experience. Installing this is a total waste of time and data. I d",1
fd74105f-80a8-435c-b821-7d0e4b9c620c,unique and dependable,5
18ff9aa0-ba4e-4617-b87b-3f1c89a390b3,do not use the type of apps who provides you to watch Short vedio. to khow why Ami saying that? then the answer is that : they you you to make their own business by your attention..,1
aeaa912c-6928-4e08-97d3-685c7f0466c1,"please my app keeps freezing,,why",1
9b6c6f79-8084-4f6b-b730-835fa7e4ff6b,I am enjoying app tiktok,5
4d40b41a-c635-4c33-ac36-80d4b622ed5c,not updated please update,1
049bfaa7-6f7d-4663-9b86-73e1bbea1947,HI TikTok Team my account not working vedio unfreeze account plz TikTok team my help,5
cedc9ec0-bc93-4617-ab9c-e653d730cd52,havent got the change chat bubble thing yet,4
5c893219-9cfb-47d0-9605-eedb9c937f6e,why r u sending me ad again and again I don't want to install,1
8bef25fa-e485-4aa0-aebd-40912489788c,for learn and a education you can use this,5
902205a3-356a-494e-b5b7-4ada28a38174,"I thought I'd find out what all the fuss was about. Installed the app, created a (VERY safe for work) login and was immediately permanently banned with no reason given. Oh well. Edited in response to developer's automatic reply: Already tried that. No replies. Bad management all the way around!!!",1
edf207c0-4079-4f2a-8186-f320cce6bf91,"Omgosh I'm actually scared, reason is I deleted my TikTok since it wasn't working for me and now I have the old TikTok feature.Can you please fix it to the new features.I can't even repost videos I like and I'm actually scared for my life please fix this problem!",3
32eaa718-a714-43e2-8ed1-4d9a68c16feb,"February 17, 2026 No one asked for an Ai; no one has the ability to turn it off. No one asked for it to give away my location; no way in app to turn it off. Luckly in my android settings I can do it there for the location but it keeps feeding me more and more accurate ""local"" feeds when the app 'glitches' me to the page. Give me my old tiktok app back or I'll just leave; done with it all at this point",5
83032ff7-961a-4c83-b4a6-ab498e5cb5ff,I am facing issues with visibility of comments please fix this bug a soon as possible,1
36fe78c5-e02f-4812-aa9b-c325b5f50a90,it dosent show the part two,1
7cfedc32-7321-4466-af18-8ba3df1f0932,I keep getting banned because I wasn't 13 and up but my birthday was in 2012 I'm 13 and both my main and alt got banned I appealed it I have my parent appeal it and it didn't work,1
85ecf20f-c545-4b80-943d-320e6d0e6393,please my TikTok account save problem,1
4e52bbac-b643-46bf-9279-08b4b90903ff,good but to many inappropriate videos,3
dec0e92d-7969-4064-8920-f3932d1e05fc,this my TikTok isn't working well when am on working it will just stop or went out,1
20bde7ac-dd31-4b2f-bb85-748a09356fef,q daonlod nhi HOTA he,2
5aa31d41-1e33-42ff-92e0-8f09e34511b1,I reevaluated this out because it keeps popping up a sign wanting you to agree to something that you don't want to agree to so therefore you can't get rid of the sign until you do and bless you do a lot of rearranging and I'm sick and tired of it so they can keep their app I'm done with them,1
df34371d-37e4-44ae-9657-af9545c3a638,it's was a good app but sometimes it's have to much of dumb nonsense in the app so please fix it,3
e8203f8d-5723-4902-b55c-be148360c57a,he is very nice and good aap,5
5eea8408-f832-4d2a-b0da-a90935d17b0b,"""I am waiting for my 28-hour LIVE rewards. Check my ticket now or I will show everything to my 10,000 followers!""",1
1acd58c1-d28e-41ca-a1ad-0ddf4b218e2b,Mary video like share comment for you views followiners,5
d44e08f4-b6cc-4316-b215-9adb84a75186,after updating my tiktok and clearing the cache I cant search for music.,3
8a7c096a-a8eb-46e7-93bb-f95375284418,"I just want my old account back. My old phone is locked. So unable to transfer. Loss of followers, family videos, and the fun I was having. When I added thus app, I was having a blast. Actually got me thru some rough nights, and other moments. Any suggestions? As for now, with starting over, It's like when I first open it, I'm flooded with videos of sales pitches. And hardly ANY of my regular interests. If anything like that pops up, it's really old videos, repeats. My old account,is priceless.",4
946f6b3b-a43a-4089-9320-09bde189c8ed,great time passing but for the love of God fix the damn app. all the time its freezing and wont close. even getting a new s25 ultra and still does the same thing.,3
02aa56c9-31b7-4e12-8e6f-8f2cd045b04d,My account @elitegamer_usa is suspended for a week without any reason. I have submitted an appeal but no human response yet. Please help me restore my account,1
759ad939-2865-4a63-b9e9-1bc662366e33,tiktok my account unfreeze please account please account freeze and my life and view,5
1c1339fe-371b-4dfd-8dfb-a6fc7e400483,my name is Donna Morgan Brown you are letting these people bully a 66 year old woman I'm 66 years old make them stop,2
e0489324-ee9d-49ec-8f89-54fb43227c31,this is best for time pass,5
3d4be94f-c42d-4c5c-8097-232c17e5f874,Tik tok bro its got absolute everything I would recommend,5
48137ae4-b989-4ee3-8988-82003844108f,constantly freezing and forcing closed.,2
5ab6d517-a08c-4675-aa6b-cba3aad3d2e3,its my fav app i use it evt,5
775d7ac9-7c5e-47cf-bca5-b5878a68051c,Is a good App bro download it you will enjoy it,5
b12eea34-c09b-49fb-93f0-2cac121945bd,my profile view is very slow work please solve this problem,1
92a8e37d-bf9d-40de-b39c-d1ffeb5930d8,"lagging, unable to stay in app, force closing on Infinix 8please try work on it thanks",1
223e2291-30f8-4541-b7a6-7f56ab15b165,"Nice app but i would much like it if there was a search option for the comments in activity center, sometimes i want to search specific comments i made but its unproductive to scroll through all the comments i made so please make a search option for it, thanks",4
973c4bd3-9432-4593-8573-cb6faca30eb6,I love myself and everyone in my life on TikTok is the best to the moon,5
c73ac91a-802b-402d-a877-e4477106cf03,they took me out of my chanal,1
cba345ca-7323-4739-9e8e-cba8aeb4424d,Hi tiktok I'm new using Tiktok application please check my new official account viral All video on tiktok For you page,5
e8bea49d-f033-41b4-a39f-58092c628a33,keep your accounts safe it's great if not it's a pain lol,5
16b180a5-5a53-488f-8aac-6a756299e2e2,keeps crashing again. I HAVE NOW UNINSTALLED PROBABLY FOR GOOD AS YOU HAVE DONE NOTHING TO SORT THE PROBLEM AS AGAIN TODAY SUNDAY 5 APRIL ITS STOPPED AND STARTED THEN I HAD TO TURN OFF MY TABLET TO GET IT TO STOP PLAYING ??? THIS IS UNACCEPTABLE,2
40002c6f-b789-42b2-8202-0a6279a358eb,Download ho jaaye Yahan per Download karna hai,5
bd5b29cc-aab8-4058-b7aa-60fdd5c09d6f,it's good but those ai videos keep on popping up on my fyp and when I say I'm not interested in it and it still pops up but it still a good app,4
cd08eb57-d0fa-4ee4-b2da-3b2ffdda6d89,Reviewing tiktok on the play store and commenting on tiktoks is basically the same thing. They won't let you say what you want to say.,1
40789869-fca5-4d87-bb96-e80cca27345c,not viral my video tiktok,5
7b67bb7d-e7c2-44c6-ac5a-2d434a86f5f9,I can make video but I don't too get followers and likes,3
0af00fcd-d406-4516-869b-c285317c6705,Good App For See Short Videos I,5
50ae3579-49b3-4adb-acac-765920fc63f6,"the app used to be fun and I have a lot of fun making content but it's gotten SOOOOOOOOOOOOOO laggy, practically unusable. the amount of times ive had to delete and reinstall the app is unbelievable. every other scroll is an ad, and there a stupid AI bot thats always on the corner of the screen and you can't get rid of it, and I'm always accidentally clicking it. fun app and great concept but ever since it got sold, nothings been the same. bring back old tiktok!!!",2
e16e4527-df03-414c-9f2b-55d1719fe365,"Worst support for creators! My 'Repost' button is missing for months. I reported 10+ times but only get AI-generated excuses. They say it's 'testing' while everyone else has it. I am moving my business (Khan Collection) and vlogs to Instagram. Don't use this app if you want technical help!""",1
1998e23f-aa8c-421c-a78a-a639e1e6b8e1,I love it but like I don't think that teenage should be bad cuz it isn't that bad,5
c80d834c-8d40-4a86-8495-05e3a9bfedff,its good but it got me logged out of a really famous account and doesn't let me log in W my new phone,4
f438a7fd-cb42-4c9b-bc4e-0b453315d5c2,we need more customization of chats and profile.,4
5a6f1229-d744-4df1-9ca9-a64d207d4535,I love it soo much it is super fun but there is a problem if u tap forgot password and press email or phone resend and it never send if u do that again and never send pls soled this problem and fix it,4
b7145480-e98b-4311-b116-4126c96aca02,I love these apps bt few days my apps not working well I can't sv videos I can't rpst why?,4
4d5d7fd0-6155-4cdf-a8c4-e9c30e629660,"Mine is not even working on my phone again, so I need help",1
083cc65e-06d1-4702-a418-a2164119ef6e,Wth I have tried several times to get to my account and I verify my identity and it still goes back to the screen to verify again.,1
